prop,tag,steps,ess_min,ess_median,ess_last
qed,mdlm_ours_edlm_N1000_lam0_win0.0-1.0,1024,1.000,1.000,1.000
qed,mdlm_ours_edlm_N1000_lam1000_win0.0-1.0,1024,107.000,387.000,955.000
qed,mdlm_ours_edlm_N1000_lam200_win0.0-1.0,1024,1.000,406.000,953.000
qed,mdlm_ours_edlm_N1000_lam20_win0.0-1.0,1024,1.000,529.000,982.000
qed,mdlm_ours_edlm_N1000_lam2_win0.0-1.0,1024,1.000,954.000,999.000
qed,mdlm_ours_edlm_N1000_lam50_win0.0-1.0,1024,1.000,456.000,955.000
qed,mdlm_ours_edlm_N1000_lam5_win0.0-1.0,1024,1.000,760.500,987.000
qed,mdlm_ours_edlm_N100_lam0_win0.0-1.0,763,100.000,100.000,100.000
qed,mdlm_ours_edlm_N100_lam1000_win0.0-1.0,765,19.500,50.200,95.600
qed,mdlm_ours_edlm_N100_lam200_win0.0-1.0,768,20.000,51.100,95.800
qed,mdlm_ours_edlm_N100_lam20_win0.0-1.0,762,27.300,62.500,97.200
qed,mdlm_ours_edlm_N100_lam2_win0.0-1.0,760,90.500,95.800,100.000
qed,mdlm_ours_edlm_N100_lam50_win0.0-1.0,767,20.800,55.800,95.900
qed,mdlm_ours_edlm_N100_lam5_win0.0-1.0,762,54.200,80.000,100.000
qed,mdlm_ours_edlm_N10_lam0_win0.0-1.0,719,10.000,10.000,10.000
qed,mdlm_ours_edlm_N10_lam1000_win0.0-1.0,682,4.860,7.310,9.750
qed,mdlm_ours_edlm_N10_lam200_win0.0-1.0,677,5.000,7.450,9.660
qed,mdlm_ours_edlm_N10_lam20_win0.0-1.0,687,5.970,8.210,9.920
qed,mdlm_ours_edlm_N10_lam2_win0.0-1.0,710,9.290,9.685,10.000
qed,mdlm_ours_edlm_N10_lam50_win0.0-1.0,687,5.510,7.800,9.830
qed,mdlm_ours_edlm_N10_lam5_win0.0-1.0,689,7.390,8.850,10.000
qed,mdlm_ours_edlm_N2000_lam0_win0.0-1.0,1024,2.000,2.000,2.000
qed,mdlm_ours_edlm_N2000_lam1000_win0.0-1.0,1024,1.100,649.500,1.900
qed,mdlm_ours_edlm_N2000_lam200_win0.0-1.0,1024,1.100,687.000,1881.860
qed,mdlm_ours_edlm_N2000_lam20_win0.0-1.0,1024,1.100,932.000,1973.460
qed,mdlm_ours_edlm_N2000_lam2_win0.0-1.0,1024,1.900,1893.185,1993.900
qed,mdlm_ours_edlm_N2000_lam50_win0.0-1.0,1024,1.000,773.000,1980.940
qed,mdlm_ours_edlm_N2000_lam5_win0.0-1.0,1024,1.100,1453.225,2.000
qed,mdlm_ours_edlm_N300_lam0_win0.0-1.0,1016,300.000,300.000,300.000
qed,mdlm_ours_edlm_N300_lam1000_win0.0-1.0,1023,45.700,131.000,284.000
qed,mdlm_ours_edlm_N300_lam200_win0.0-1.0,1018,46.100,132.000,293.000
qed,mdlm_ours_edlm_N300_lam20_win0.0-1.0,1015,66.300,172.000,299.000
qed,mdlm_ours_edlm_N300_lam2_win0.0-1.0,1017,271.000,288.000,300.000
qed,mdlm_ours_edlm_N300_lam50_win0.0-1.0,1011,46.900,147.000,287.000
qed,mdlm_ours_edlm_N300_lam5_win0.0-1.0,1007,158.000,232.000,300.000
qed,mdlm_ours_edlm_N30_lam0_win0.0-1.0,723,30.000,30.000,30.000
qed,mdlm_ours_edlm_N30_lam1000_win0.0-1.0,713,10.600,18.600,29.500
qed,mdlm_ours_edlm_N30_lam200_win0.0-1.0,721,11.000,18.900,29.200
qed,mdlm_ours_edlm_N30_lam20_win0.0-1.0,734,14.200,21.600,29.200
qed,mdlm_ours_edlm_N30_lam2_win0.0-1.0,733,27.500,28.800,30.000
qed,mdlm_ours_edlm_N30_lam50_win0.0-1.0,725,12.900,20.000,29.000
qed,mdlm_ours_edlm_N30_lam5_win0.0-1.0,731,19.200,25.100,29.700
qed,mdlm_ours_edlm_N500_lam0_win0.0-1.0,1024,500.000,500.000,500.000
qed,mdlm_ours_edlm_N500_lam1000_win0.0-1.0,1024,62.500,204.000,496.000
qed,mdlm_ours_edlm_N500_lam200_win0.0-1.0,1024,67.000,214.000,492.000
qed,mdlm_ours_edlm_N500_lam20_win0.0-1.0,1024,98.300,277.000,499.000
qed,mdlm_ours_edlm_N500_lam2_win0.0-1.0,1024,458.000,480.000,500.000
qed,mdlm_ours_edlm_N500_lam50_win0.0-1.0,1024,72.600,239.500,482.000
qed,mdlm_ours_edlm_N500_lam5_win0.0-1.0,1024,273.000,389.500,499.000
qed,mdlm_ours_marginal_N1000_lam0_win0.0-1.0,1024,1.000,1.000,1.000
qed,mdlm_ours_marginal_N1000_lam1000_win0.0-1.0,1024,73.900,401.500,972.000
qed,mdlm_ours_marginal_N1000_lam200_win0.0-1.0,1024,87.900,397.000,957.000
qed,mdlm_ours_marginal_N1000_lam20_win0.0-1.0,1024,175.000,541.500,995.000
qed,mdlm_ours_marginal_N1000_lam2_win0.0-1.0,1024,1.000,955.000,1.000
qed,mdlm_ours_marginal_N1000_lam50_win0.0-1.0,1024,1.000,448.000,952.000
qed,mdlm_ours_marginal_N1000_lam5_win0.0-1.0,1024,1.000,770.500,992.000
qed,mdlm_ours_marginal_N100_lam0_win0.0-1.0,765,100.000,100.000,100.000
qed,mdlm_ours_marginal_N100_lam1000_win0.0-1.0,769,22.800,54.400,100.000
qed,mdlm_ours_marginal_N100_lam200_win0.0-1.0,769,23.600,54.400,100.000
qed,mdlm_ours_marginal_N100_lam20_win0.0-1.0,766,34.700,66.050,100.000
qed,mdlm_ours_marginal_N100_lam2_win0.0-1.0,765,90.800,96.100,100.000
qed,mdlm_ours_marginal_N100_lam50_win0.0-1.0,764,28.100,59.900,99.100
qed,mdlm_ours_marginal_N100_lam5_win0.0-1.0,767,57.900,81.300,99.800
qed,mdlm_ours_marginal_N10_lam0_win0.0-1.0,714,10.000,10.000,10.000
qed,mdlm_ours_marginal_N10_lam1000_win0.0-1.0,688,4.580,7.255,9.700
qed,mdlm_ours_marginal_N10_lam200_win0.0-1.0,679,4.730,7.410,9.660
qed,mdlm_ours_marginal_N10_lam20_win0.0-1.0,678,5.760,8.120,9.970
qed,mdlm_ours_marginal_N10_lam2_win0.0-1.0,711,9.170,9.660,9.970
qed,mdlm_ours_marginal_N10_lam50_win0.0-1.0,692,5.280,7.665,9.860
qed,mdlm_ours_marginal_N10_lam5_win0.0-1.0,694,7.450,8.740,9.930
qed,mdlm_ours_marginal_N2000_lam0_win0.0-1.0,1024,2.000,2.000,2.000
qed,mdlm_ours_marginal_N2000_lam1000_win0.0-1.0,1024,1.100,642.500,1853.120
qed,mdlm_ours_marginal_N2000_lam200_win0.0-1.0,1024,1.100,673.000,1913.280
qed,mdlm_ours_marginal_N2000_lam20_win0.0-1.0,1024,1.000,854.500,1985.390
qed,mdlm_ours_marginal_N2000_lam2_win0.0-1.0,1024,1.900,1891.490,2.000
qed,mdlm_ours_marginal_N2000_lam50_win0.0-1.0,1024,1.100,791.500,1934.200
qed,mdlm_ours_marginal_N2000_lam5_win0.0-1.0,1024,1.100,1464.480,1986.400
qed,mdlm_ours_marginal_N300_lam0_win0.0-1.0,1017,300.000,300.000,300.000
qed,mdlm_ours_marginal_N300_lam1000_win0.0-1.0,1019,35.800,129.000,291.000
qed,mdlm_ours_marginal_N300_lam200_win0.0-1.0,1018,34.300,132.000,290.000
qed,mdlm_ours_marginal_N300_lam20_win0.0-1.0,1023,55.000,172.000,299.000
qed,mdlm_ours_marginal_N300_lam2_win0.0-1.0,1022,274.000,288.000,300.000
qed,mdlm_ours_marginal_N300_lam50_win0.0-1.0,1023,36.800,149.000,300.000
qed,mdlm_ours_marginal_N300_lam5_win0.0-1.0,1013,159.000,234.000,299.000
qed,mdlm_ours_marginal_N30_lam0_win0.0-1.0,717,30.000,30.000,30.000
qed,mdlm_ours_marginal_N30_lam1000_win0.0-1.0,726,9.910,18.650,28.900
qed,mdlm_ours_marginal_N30_lam200_win0.0-1.0,718,10.100,18.800,29.100
qed,mdlm_ours_marginal_N30_lam20_win0.0-1.0,731,12.600,21.600,29.100
qed,mdlm_ours_marginal_N30_lam2_win0.0-1.0,725,27.200,28.800,30.000
qed,mdlm_ours_marginal_N30_lam50_win0.0-1.0,727,11.500,20.000,28.900
qed,mdlm_ours_marginal_N30_lam5_win0.0-1.0,723,18.800,24.800,29.800
qed,mdlm_ours_marginal_N500_lam0_win0.0-1.0,1024,500.000,500.000,500.000
qed,mdlm_ours_marginal_N500_lam1000_win0.0-1.0,1024,70.400,207.000,480.000
qed,mdlm_ours_marginal_N500_lam200_win0.0-1.0,1024,78.200,215.500,489.000
qed,mdlm_ours_marginal_N500_lam20_win0.0-1.0,1024,100.000,278.500,487.000
qed,mdlm_ours_marginal_N500_lam2_win0.0-1.0,1024,454.000,480.000,499.000
qed,mdlm_ours_marginal_N500_lam50_win0.0-1.0,1024,83.000,244.000,493.000
qed,mdlm_ours_marginal_N500_lam5_win0.0-1.0,1024,263.000,392.000,498.000
qed,s1024_ours_edlm_N1000_lam0_win0.0-1.0,1024,1.000,1.000,1.000
qed,s1024_ours_edlm_N1000_lam1000_win0.0-1.0,1024,1.000,79.100,188.000
qed,s1024_ours_edlm_N1000_lam200_win0.0-1.0,1024,1.050,79.300,233.000
qed,s1024_ours_edlm_N1000_lam20_win0.0-1.0,1024,2.590,107.000,632.000
qed,s1024_ours_edlm_N1000_lam2_win0.0-1.0,1024,878.000,946.000,947.000
qed,s1024_ours_edlm_N1000_lam50_win0.0-1.0,1024,1.480,95.700,367.000
qed,s1024_ours_edlm_N1000_lam5_win0.0-1.0,1024,421.000,516.000,850.000
qed,s1024_ours_edlm_N100_lam0_win0.0-1.0,774,100.000,100.000,100.000
qed,s1024_ours_edlm_N100_lam1000_win0.0-1.0,771,8.860,35.100,14.500
qed,s1024_ours_edlm_N100_lam200_win0.0-1.0,770,10.800,34.900,23.800
qed,s1024_ours_edlm_N100_lam20_win0.0-1.0,775,20.600,41.800,55.700
qed,s1024_ours_edlm_N100_lam2_win0.0-1.0,775,87.500,94.700,95.700
qed,s1024_ours_edlm_N100_lam50_win0.0-1.0,771,14.500,36.800,33.100
qed,s1024_ours_edlm_N100_lam5_win0.0-1.0,769,48.700,66.700,78.200
qed,s1024_ours_edlm_N10_lam0_win0.0-1.0,744,10.000,10.000,10.000
qed,s1024_ours_edlm_N10_lam1000_win0.0-1.0,708,2.280,7.620,2.550
qed,s1024_ours_edlm_N10_lam200_win0.0-1.0,706,2.840,7.630,3.130
qed,s1024_ours_edlm_N10_lam20_win0.0-1.0,709,4.940,7.910,6.260
qed,s1024_ours_edlm_N10_lam2_win0.0-1.0,724,8.870,9.605,9.640
qed,s1024_ours_edlm_N10_lam50_win0.0-1.0,707,4.060,7.700,4.750
qed,s1024_ours_edlm_N10_lam5_win0.0-1.0,707,6.330,8.600,9.050
qed,s1024_ours_edlm_N2000_lam0_win0.0-1.0,1024,2.000,2.000,2.000
qed,s1024_ours_edlm_N2000_lam1000_win0.0-1.0,1024,1.000,95.300,330.000
qed,s1024_ours_edlm_N2000_lam200_win0.0-1.0,1024,1.090,99.300,292.000
qed,s1024_ours_edlm_N2000_lam20_win0.0-1.0,1024,1.000,134.500,978.000
qed,s1024_ours_edlm_N2000_lam2_win0.0-1.0,1024,1.800,1886.310,1888.630
qed,s1024_ours_edlm_N2000_lam50_win0.0-1.0,1024,1.810,126.000,638.000
qed,s1024_ours_edlm_N2000_lam5_win0.0-1.0,1024,1.000,986.000,1.600
qed,s1024_ours_edlm_N300_lam0_win0.0-1.0,1024,300.000,300.000,300.000
qed,s1024_ours_edlm_N300_lam1000_win0.0-1.0,1024,10.300,52.400,39.500
qed,s1024_ours_edlm_N300_lam200_win0.0-1.0,1024,10.400,53.000,51.400
qed,s1024_ours_edlm_N300_lam20_win0.0-1.0,1024,11.100,67.050,167.000
qed,s1024_ours_edlm_N300_lam2_win0.0-1.0,1024,260.000,283.000,287.000
qed,s1024_ours_edlm_N300_lam50_win0.0-1.0,1024,10.700,58.950,92.000
qed,s1024_ours_edlm_N300_lam5_win0.0-1.0,1024,129.000,169.000,247.000
qed,s1024_ours_edlm_N30_lam0_win0.0-1.0,766,30.000,30.000,30.000
qed,s1024_ours_edlm_N30_lam1000_win0.0-1.0,764,4.140,16.700,6.570
qed,s1024_ours_edlm_N30_lam200_win0.0-1.0,764,5.280,16.750,7.710
qed,s1024_ours_edlm_N30_lam20_win0.0-1.0,762,10.100,17.900,18.600
qed,s1024_ours_edlm_N30_lam2_win0.0-1.0,766,26.700,28.500,29.000
qed,s1024_ours_edlm_N30_lam50_win0.0-1.0,766,6.220,16.700,12.800
qed,s1024_ours_edlm_N30_lam5_win0.0-1.0,763,16.500,22.800,26.800
qed,s1024_ours_edlm_N500_lam0_win0.0-1.0,1024,500.000,500.000,500.000
qed,s1024_ours_edlm_N500_lam1000_win0.0-1.0,1024,1.000,59.600,104.000
qed,s1024_ours_edlm_N500_lam200_win0.0-1.0,1024,1.070,63.100,107.000
qed,s1024_ours_edlm_N500_lam20_win0.0-1.0,1024,2.130,81.150,313.000
qed,s1024_ours_edlm_N500_lam2_win0.0-1.0,1024,440.000,473.000,481.000
qed,s1024_ours_edlm_N500_lam50_win0.0-1.0,1024,1.380,69.750,183.000
qed,s1024_ours_edlm_N500_lam5_win0.0-1.0,1024,204.000,266.000,416.000
qed,s1024_ours_marginal_N1000_lam0_win0.0-1.0,1024,1.000,1.000,1.000
qed,s1024_ours_marginal_N1000_lam1000_win0.0-1.0,1024,1.000,79.300,180.000
qed,s1024_ours_marginal_N1000_lam200_win0.0-1.0,1024,1.070,79.300,159.000
qed,s1024_ours_marginal_N1000_lam20_win0.0-1.0,1024,2.480,103.500,567.000
qed,s1024_ours_marginal_N1000_lam2_win0.0-1.0,1024,881.000,948.000,967.000
qed,s1024_ours_marginal_N1000_lam50_win0.0-1.0,1024,1.440,88.050,331.000
qed,s1024_ours_marginal_N1000_lam5_win0.0-1.0,1024,404.000,513.000,836.000
qed,s1024_ours_marginal_N100_lam0_win0.0-1.0,777,100.000,100.000,100.000
qed,s1024_ours_marginal_N100_lam1000_win0.0-1.0,770,8.250,33.650,16.300
qed,s1024_ours_marginal_N100_lam200_win0.0-1.0,775,11.900,33.700,24.200
qed,s1024_ours_marginal_N100_lam20_win0.0-1.0,773,20.200,42.800,60.300
qed,s1024_ours_marginal_N100_lam2_win0.0-1.0,774,88.600,94.700,95.600
qed,s1024_ours_marginal_N100_lam50_win0.0-1.0,779,12.800,36.600,36.000
qed,s1024_ours_marginal_N100_lam5_win0.0-1.0,774,48.200,65.400,85.000
qed,s1024_ours_marginal_N10_lam0_win0.0-1.0,737,10.000,10.000,10.000
qed,s1024_ours_marginal_N10_lam1000_win0.0-1.0,709,2.400,7.610,2.870
qed,s1024_ours_marginal_N10_lam200_win0.0-1.0,700,2.890,7.620,3.630
qed,s1024_ours_marginal_N10_lam20_win0.0-1.0,702,4.740,7.755,6.530
qed,s1024_ours_marginal_N10_lam2_win0.0-1.0,726,8.910,9.590,9.660
qed,s1024_ours_marginal_N10_lam50_win0.0-1.0,712,3.870,7.630,5.080
qed,s1024_ours_marginal_N10_lam5_win0.0-1.0,722,6.460,8.540,8.400
qed,s1024_ours_marginal_N2000_lam0_win0.0-1.0,1024,2.000,2.000,2.000
qed,s1024_ours_marginal_N2000_lam1000_win0.0-1.0,1024,1.000,95.750,308.000
qed,s1024_ours_marginal_N2000_lam200_win0.0-1.0,1024,1.110,99.350,354.000
qed,s1024_ours_marginal_N2000_lam20_win0.0-1.0,1024,1.000,140.500,1032.310
qed,s1024_ours_marginal_N2000_lam2_win0.0-1.0,1024,1.800,1878.895,1911.350
qed,s1024_ours_marginal_N2000_lam50_win0.0-1.0,1024,1.800,128.000,537.000
qed,s1024_ours_marginal_N2000_lam5_win0.0-1.0,1024,1.000,989.500,1581.660
qed,s1024_ours_marginal_N300_lam0_win0.0-1.0,1024,300.000,300.000,300.000
qed,s1024_ours_marginal_N300_lam1000_win0.0-1.0,1024,10.300,48.450,51.600
qed,s1024_ours_marginal_N300_lam200_win0.0-1.0,1024,10.400,52.000,53.600
qed,s1024_ours_marginal_N300_lam20_win0.0-1.0,1024,10.900,67.300,167.000
qed,s1024_ours_marginal_N300_lam2_win0.0-1.0,1024,263.000,284.000,282.000
qed,s1024_ours_marginal_N300_lam50_win0.0-1.0,1024,10.600,57.800,116.000
qed,s1024_ours_marginal_N300_lam5_win0.0-1.0,1024,134.000,170.000,250.000
qed,s1024_ours_marginal_N30_lam0_win0.0-1.0,760,30.000,30.000,30.000
qed,s1024_ours_marginal_N30_lam1000_win0.0-1.0,764,4.160,16.900,5.800
qed,s1024_ours_marginal_N30_lam200_win0.0-1.0,760,4.950,16.900,7.280
qed,s1024_ours_marginal_N30_lam20_win0.0-1.0,767,10.200,18.100,17.100
qed,s1024_ours_marginal_N30_lam2_win0.0-1.0,765,26.400,28.600,29.000
qed,s1024_ours_marginal_N30_lam50_win0.0-1.0,766,6.980,16.900,11.900
qed,s1024_ours_marginal_N30_lam5_win0.0-1.0,762,16.900,23.000,26.100
qed,s1024_ours_marginal_N500_lam0_win0.0-1.0,1024,500.000,500.000,500.000
qed,s1024_ours_marginal_N500_lam1000_win0.0-1.0,1024,1.000,62.350,91.000
qed,s1024_ours_marginal_N500_lam200_win0.0-1.0,1024,1.050,63.500,126.000
qed,s1024_ours_marginal_N500_lam20_win0.0-1.0,1024,1.870,82.700,290.000
qed,s1024_ours_marginal_N500_lam2_win0.0-1.0,1024,444.000,472.000,475.000
qed,s1024_ours_marginal_N500_lam50_win0.0-1.0,1024,1.300,72.700,174.000
qed,s1024_ours_marginal_N500_lam5_win0.0-1.0,1024,210.000,268.000,424.000
ring_count,mdlm_ours_edlm_N1000_lam0.5_win0.0-1.0,1024,1.000,936.000,999.000
ring_count,mdlm_ours_edlm_N1000_lam0_win0.0-1.0,1024,1.000,1.000,1.000
ring_count,mdlm_ours_edlm_N1000_lam1000_win0.0-1.0,1024,1.000,580.500,971.000
ring_count,mdlm_ours_edlm_N1000_lam100_win0.0-1.0,1024,1.000,580.500,971.000
ring_count,mdlm_ours_edlm_N1000_lam10_win0.0-1.0,1024,1.000,590.000,971.000
ring_count,mdlm_ours_edlm_N1000_lam1_win0.0-1.0,1024,1.000,817.000,982.000
ring_count,mdlm_ours_edlm_N1000_lam2_win0.0-1.0,1024,1.000,684.000,969.000
ring_count,mdlm_ours_edlm_N1000_lam30_win0.0-1.0,1024,1.000,580.500,971.000
ring_count,mdlm_ours_edlm_N1000_lam5_win0.0-1.0,1024,1.000,599.500,971.000
ring_count,mdlm_ours_edlm_N100_lam0.5_win0.0-1.0,764,82.300,95.600,100.000
ring_count,mdlm_ours_edlm_N100_lam0_win0.0-1.0,761,100.000,100.000,100.000
ring_count,mdlm_ours_edlm_N100_lam1000_win0.0-1.0,751,35.200,69.500,96.900
ring_count,mdlm_ours_edlm_N100_lam100_win0.0-1.0,753,35.200,69.500,96.900
ring_count,mdlm_ours_edlm_N100_lam10_win0.0-1.0,759,35.200,69.700,96.900
ring_count,mdlm_ours_edlm_N100_lam1_win0.0-1.0,764,66.000,88.500,98.500
ring_count,mdlm_ours_edlm_N100_lam2_win0.0-1.0,762,50.100,79.600,98.500
ring_count,mdlm_ours_edlm_N100_lam30_win0.0-1.0,757,35.200,69.500,96.900
ring_count,mdlm_ours_edlm_N100_lam5_win0.0-1.0,765,35.600,71.800,96.900
ring_count,mdlm_ours_edlm_N10_lam0.5_win0.0-1.0,675,9.030,9.710,10.000
ring_count,mdlm_ours_edlm_N10_lam0_win0.0-1.0,704,10.000,10.000,10.000
ring_count,mdlm_ours_edlm_N10_lam1000_win0.0-1.0,655,6.550,8.830,10.000
ring_count,mdlm_ours_edlm_N10_lam100_win0.0-1.0,658,6.550,8.830,10.000
ring_count,mdlm_ours_edlm_N10_lam10_win0.0-1.0,667,6.550,8.830,10.000
ring_count,mdlm_ours_edlm_N10_lam1_win0.0-1.0,659,8.250,9.420,10.000
ring_count,mdlm_ours_edlm_N10_lam2_win0.0-1.0,657,7.410,9.110,10.000
ring_count,mdlm_ours_edlm_N10_lam30_win0.0-1.0,667,6.550,8.830,10.000
ring_count,mdlm_ours_edlm_N10_lam5_win0.0-1.0,681,6.570,8.840,10.000
ring_count,mdlm_ours_edlm_N2000_lam0.5_win0.0-1.0,1024,1.700,1855.765,2.000
ring_count,mdlm_ours_edlm_N2000_lam0_win0.0-1.0,1024,2.000,2.000,2.000
ring_count,mdlm_ours_edlm_N2000_lam1000_win0.0-1.0,1024,1.000,1009.225,1977.830
ring_count,mdlm_ours_edlm_N2000_lam100_win0.0-1.0,1024,1.000,1009.225,1977.830
ring_count,mdlm_ours_edlm_N2000_lam10_win0.0-1.0,1024,1.000,1011.680,1977.830
ring_count,mdlm_ours_edlm_N2000_lam1_win0.0-1.0,1024,1.200,1577.670,2.000
ring_count,mdlm_ours_edlm_N2000_lam2_win0.0-1.0,1024,1.000,1232.515,1952.530
ring_count,mdlm_ours_edlm_N2000_lam30_win0.0-1.0,1024,1.000,1009.225,1977.830
ring_count,mdlm_ours_edlm_N2000_lam5_win0.0-1.0,1024,1.100,1063.125,1978.050
ring_count,mdlm_ours_edlm_N300_lam0.5_win0.0-1.0,1012,247.000,285.000,300.000
ring_count,mdlm_ours_edlm_N300_lam0_win0.0-1.0,1017,300.000,300.000,300.000
ring_count,mdlm_ours_edlm_N300_lam1000_win0.0-1.0,1006,78.300,193.000,300.000
ring_count,mdlm_ours_edlm_N300_lam100_win0.0-1.0,1002,78.300,193.000,300.000
ring_count,mdlm_ours_edlm_N300_lam10_win0.0-1.0,1015,78.300,195.000,300.000
ring_count,mdlm_ours_edlm_N300_lam1_win0.0-1.0,1016,194.000,260.000,300.000
ring_count,mdlm_ours_edlm_N300_lam2_win0.0-1.0,1023,133.000,224.000,295.000
ring_count,mdlm_ours_edlm_N300_lam30_win0.0-1.0,1007,78.300,193.000,300.000
ring_count,mdlm_ours_edlm_N300_lam5_win0.0-1.0,1015,78.500,192.000,296.000
ring_count,mdlm_ours_edlm_N30_lam0.5_win0.0-1.0,708,26.200,28.800,30.000
ring_count,mdlm_ours_edlm_N30_lam0_win0.0-1.0,706,30.000,30.000,30.000
ring_count,mdlm_ours_edlm_N30_lam1000_win0.0-1.0,681,16.500,24.100,29.500
ring_count,mdlm_ours_edlm_N30_lam100_win0.0-1.0,683,16.500,24.100,29.500
ring_count,mdlm_ours_edlm_N30_lam10_win0.0-1.0,691,16.500,24.100,29.500
ring_count,mdlm_ours_edlm_N30_lam1_win0.0-1.0,701,22.900,27.200,29.800
ring_count,mdlm_ours_edlm_N30_lam2_win0.0-1.0,690,19.400,25.800,30.000
ring_count,mdlm_ours_edlm_N30_lam30_win0.0-1.0,704,16.500,24.100,29.500
ring_count,mdlm_ours_edlm_N30_lam5_win0.0-1.0,681,16.800,24.200,29.500
ring_count,mdlm_ours_edlm_N500_lam0.5_win0.0-1.0,1024,421.000,477.000,499.000
ring_count,mdlm_ours_edlm_N500_lam0_win0.0-1.0,1024,500.000,500.000,500.000
ring_count,mdlm_ours_edlm_N500_lam1000_win0.0-1.0,1024,112.000,314.500,500.000
ring_count,mdlm_ours_edlm_N500_lam100_win0.0-1.0,1024,112.000,314.500,500.000
ring_count,mdlm_ours_edlm_N500_lam10_win0.0-1.0,1024,112.000,313.500,500.000
ring_count,mdlm_ours_edlm_N500_lam1_win0.0-1.0,1024,310.000,429.000,499.000
ring_count,mdlm_ours_edlm_N500_lam2_win0.0-1.0,1024,213.000,362.000,499.000
ring_count,mdlm_ours_edlm_N500_lam30_win0.0-1.0,1024,112.000,314.500,500.000
ring_count,mdlm_ours_edlm_N500_lam5_win0.0-1.0,1024,133.000,317.500,500.000
ring_count,mdlm_ours_marginal_N1000_lam0.5_win0.0-1.0,1024,1.000,944.000,1.000
ring_count,mdlm_ours_marginal_N1000_lam0_win0.0-1.0,1024,1.000,1.000,1.000
ring_count,mdlm_ours_marginal_N1000_lam1000_win0.0-1.0,1024,1.000,584.500,997.000
ring_count,mdlm_ours_marginal_N1000_lam100_win0.0-1.0,1024,1.000,584.500,997.000
ring_count,mdlm_ours_marginal_N1000_lam10_win0.0-1.0,1024,1.000,584.500,997.000
ring_count,mdlm_ours_marginal_N1000_lam1_win0.0-1.0,1024,1.000,831.000,994.000
ring_count,mdlm_ours_marginal_N1000_lam2_win0.0-1.0,1024,1.000,697.000,978.000
ring_count,mdlm_ours_marginal_N1000_lam30_win0.0-1.0,1024,1.000,584.500,997.000
ring_count,mdlm_ours_marginal_N1000_lam5_win0.0-1.0,1024,1.000,588.500,997.000
ring_count,mdlm_ours_marginal_N100_lam0.5_win0.0-1.0,759,86.100,95.600,100.000
ring_count,mdlm_ours_marginal_N100_lam0_win0.0-1.0,764,100.000,100.000,100.000
ring_count,mdlm_ours_marginal_N100_lam1000_win0.0-1.0,750,41.500,71.000,100.000
ring_count,mdlm_ours_marginal_N100_lam100_win0.0-1.0,758,41.500,71.000,100.000
ring_count,mdlm_ours_marginal_N100_lam10_win0.0-1.0,761,41.500,71.400,100.000
ring_count,mdlm_ours_marginal_N100_lam1_win0.0-1.0,765,69.100,89.000,100.000
ring_count,mdlm_ours_marginal_N100_lam2_win0.0-1.0,765,55.800,79.600,100.000
ring_count,mdlm_ours_marginal_N100_lam30_win0.0-1.0,757,41.500,71.300,100.000
ring_count,mdlm_ours_marginal_N100_lam5_win0.0-1.0,767,43.500,72.700,100.000
ring_count,mdlm_ours_marginal_N10_lam0.5_win0.0-1.0,694,8.950,9.680,10.000
ring_count,mdlm_ours_marginal_N10_lam0_win0.0-1.0,694,10.000,10.000,10.000
ring_count,mdlm_ours_marginal_N10_lam1000_win0.0-1.0,657,6.810,8.770,9.910
ring_count,mdlm_ours_marginal_N10_lam100_win0.0-1.0,661,6.810,8.770,9.910
ring_count,mdlm_ours_marginal_N10_lam10_win0.0-1.0,676,6.810,8.770,9.910
ring_count,mdlm_ours_marginal_N10_lam1_win0.0-1.0,677,8.170,9.390,9.940
ring_count,mdlm_ours_marginal_N10_lam2_win0.0-1.0,655,7.480,9.000,9.920
ring_count,mdlm_ours_marginal_N10_lam30_win0.0-1.0,666,6.810,8.770,9.910
ring_count,mdlm_ours_marginal_N10_lam5_win0.0-1.0,668,6.830,8.770,9.910
ring_count,mdlm_ours_marginal_N2000_lam0.5_win0.0-1.0,1024,1.700,1846.685,2.000
ring_count,mdlm_ours_marginal_N2000_lam0_win0.0-1.0,1024,2.000,2.000,2.000
ring_count,mdlm_ours_marginal_N2000_lam1000_win0.0-1.0,1024,1.000,975.500,1968.780
ring_count,mdlm_ours_marginal_N2000_lam100_win0.0-1.0,1024,1.000,975.500,1968.780
ring_count,mdlm_ours_marginal_N2000_lam10_win0.0-1.0,1024,1.100,986.500,1968.780
ring_count,mdlm_ours_marginal_N2000_lam1_win0.0-1.0,1024,1.300,1561.670,2.000
ring_count,mdlm_ours_marginal_N2000_lam2_win0.0-1.0,1024,1.000,1213.215,2.000
ring_count,mdlm_ours_marginal_N2000_lam30_win0.0-1.0,1024,1.000,975.500,1968.780
ring_count,mdlm_ours_marginal_N2000_lam5_win0.0-1.0,1024,1.000,1026.165,2.000
ring_count,mdlm_ours_marginal_N300_lam0.5_win0.0-1.0,1022,253.000,284.000,300.000
ring_count,mdlm_ours_marginal_N300_lam0_win0.0-1.0,1020,300.000,300.000,300.000
ring_count,mdlm_ours_marginal_N300_lam1000_win0.0-1.0,1012,69.100,194.000,300.000
ring_count,mdlm_ours_marginal_N300_lam100_win0.0-1.0,1016,69.100,195.000,300.000
ring_count,mdlm_ours_marginal_N300_lam10_win0.0-1.0,1012,68.700,194.000,300.000
ring_count,mdlm_ours_marginal_N300_lam1_win0.0-1.0,1014,188.000,259.000,300.000
ring_count,mdlm_ours_marginal_N300_lam2_win0.0-1.0,1012,118.000,222.000,297.000
ring_count,mdlm_ours_marginal_N300_lam30_win0.0-1.0,1010,69.100,193.000,300.000
ring_count,mdlm_ours_marginal_N300_lam5_win0.0-1.0,1016,67.900,193.500,300.000
ring_count,mdlm_ours_marginal_N30_lam0.5_win0.0-1.0,693,25.400,28.900,30.000
ring_count,mdlm_ours_marginal_N30_lam0_win0.0-1.0,692,30.000,30.000,30.000
ring_count,mdlm_ours_marginal_N30_lam1000_win0.0-1.0,684,16.600,24.100,30.000
ring_count,mdlm_ours_marginal_N30_lam100_win0.0-1.0,678,16.600,24.100,30.000
ring_count,mdlm_ours_marginal_N30_lam10_win0.0-1.0,692,16.600,24.200,30.000
ring_count,mdlm_ours_marginal_N30_lam1_win0.0-1.0,706,21.700,27.300,30.000
ring_count,mdlm_ours_marginal_N30_lam2_win0.0-1.0,694,18.500,25.250,30.000
ring_count,mdlm_ours_marginal_N30_lam30_win0.0-1.0,702,16.600,24.100,30.000
ring_count,mdlm_ours_marginal_N30_lam5_win0.0-1.0,678,17.100,24.050,30.000
ring_count,mdlm_ours_marginal_N500_lam0.5_win0.0-1.0,1024,421.000,473.000,495.000
ring_count,mdlm_ours_marginal_N500_lam0_win0.0-1.0,1024,500.000,500.000,500.000
ring_count,mdlm_ours_marginal_N500_lam1000_win0.0-1.0,1024,125.000,310.500,500.000
ring_count,mdlm_ours_marginal_N500_lam100_win0.0-1.0,1024,125.000,310.500,500.000
ring_count,mdlm_ours_marginal_N500_lam10_win0.0-1.0,1024,125.000,309.000,500.000
ring_count,mdlm_ours_marginal_N500_lam1_win0.0-1.0,1024,310.000,424.500,499.000
ring_count,mdlm_ours_marginal_N500_lam2_win0.0-1.0,1024,201.000,361.000,500.000
ring_count,mdlm_ours_marginal_N500_lam30_win0.0-1.0,1024,125.000,310.500,500.000
ring_count,mdlm_ours_marginal_N500_lam5_win0.0-1.0,1024,127.000,313.500,500.000
ring_count,s1024_ours_edlm_N1000_lam0.5_win0.0-1.0,1024,882.000,964.500,958.000
ring_count,s1024_ours_edlm_N1000_lam0_win0.0-1.0,1024,1.000,1.000,1.000
ring_count,s1024_ours_edlm_N1000_lam1000_win0.0-1.0,1024,1.860,112.500,852.000
ring_count,s1024_ours_edlm_N1000_lam100_win0.0-1.0,1024,1.860,112.500,852.000
ring_count,s1024_ours_edlm_N1000_lam10_win0.0-1.0,1024,1.880,110.500,835.000
ring_count,s1024_ours_edlm_N1000_lam1_win0.0-1.0,1024,659.000,835.000,907.000
ring_count,s1024_ours_edlm_N1000_lam2_win0.0-1.0,1024,244.000,420.000,820.000
ring_count,s1024_ours_edlm_N1000_lam30_win0.0-1.0,1024,1.860,112.500,852.000
ring_count,s1024_ours_edlm_N1000_lam5_win0.0-1.0,1024,5.180,113.000,843.000
ring_count,s1024_ours_edlm_N100_lam0.5_win0.0-1.0,768,88.500,96.800,95.000
ring_count,s1024_ours_edlm_N100_lam0_win0.0-1.0,768,100.000,100.000,100.000
ring_count,s1024_ours_edlm_N100_lam1000_win0.0-1.0,769,25.600,50.800,89.000
ring_count,s1024_ours_edlm_N100_lam100_win0.0-1.0,768,25.600,50.800,89.000
ring_count,s1024_ours_edlm_N100_lam10_win0.0-1.0,768,25.600,50.900,89.000
ring_count,s1024_ours_edlm_N100_lam1_win0.0-1.0,768,67.400,88.500,92.600
ring_count,s1024_ours_edlm_N100_lam2_win0.0-1.0,768,44.500,70.600,88.800
ring_count,s1024_ours_edlm_N100_lam30_win0.0-1.0,768,25.600,50.800,89.000
ring_count,s1024_ours_edlm_N100_lam5_win0.0-1.0,768,27.200,51.200,85.900
ring_count,s1024_ours_edlm_N10_lam0.5_win0.0-1.0,717,9.080,9.800,9.860
ring_count,s1024_ours_edlm_N10_lam0_win0.0-1.0,727,10.000,10.000,10.000
ring_count,s1024_ours_edlm_N10_lam1000_win0.0-1.0,681,6.090,8.500,8.980
ring_count,s1024_ours_edlm_N10_lam100_win0.0-1.0,686,6.090,8.520,8.980
ring_count,s1024_ours_edlm_N10_lam10_win0.0-1.0,689,6.090,8.520,8.980
ring_count,s1024_ours_edlm_N10_lam1_win0.0-1.0,699,7.990,9.450,9.600
ring_count,s1024_ours_edlm_N10_lam2_win0.0-1.0,697,6.570,8.840,9.380
ring_count,s1024_ours_edlm_N10_lam30_win0.0-1.0,693,6.090,8.520,8.980
ring_count,s1024_ours_edlm_N10_lam5_win0.0-1.0,695,6.200,8.510,9.020
ring_count,s1024_ours_edlm_N2000_lam0.5_win0.0-1.0,1024,1.800,1927.985,1923.280
ring_count,s1024_ours_edlm_N2000_lam0_win0.0-1.0,1024,2.000,2.000,2.000
ring_count,s1024_ours_edlm_N2000_lam1000_win0.0-1.0,1024,1.100,139.000,1753.030
ring_count,s1024_ours_edlm_N2000_lam100_win0.0-1.0,1024,1.100,139.000,1753.030
ring_count,s1024_ours_edlm_N2000_lam10_win0.0-1.0,1024,1.100,137.000,1747.780
ring_count,s1024_ours_edlm_N2000_lam1_win0.0-1.0,1024,1.400,1651.360,1822.610
ring_count,s1024_ours_edlm_N2000_lam2_win0.0-1.0,1024,1.000,722.000,1758.820
ring_count,s1024_ours_edlm_N2000_lam30_win0.0-1.0,1024,1.100,139.000,1753.030
ring_count,s1024_ours_edlm_N2000_lam5_win0.0-1.0,1024,1.100,148.500,1672.150
ring_count,s1024_ours_edlm_N300_lam0.5_win0.0-1.0,1024,267.000,288.000,289.000
ring_count,s1024_ours_edlm_N300_lam0_win0.0-1.0,1024,300.000,300.000,300.000
ring_count,s1024_ours_edlm_N300_lam1000_win0.0-1.0,1024,20.500,81.050,244.000
ring_count,s1024_ours_edlm_N300_lam100_win0.0-1.0,1024,20.500,81.050,244.000
ring_count,s1024_ours_edlm_N300_lam10_win0.0-1.0,1024,20.500,81.000,244.000
ring_count,s1024_ours_edlm_N300_lam1_win0.0-1.0,1024,209.000,256.000,273.000
ring_count,s1024_ours_edlm_N300_lam2_win0.0-1.0,1024,119.000,173.000,246.000
ring_count,s1024_ours_edlm_N300_lam30_win0.0-1.0,1024,20.500,81.050,244.000
ring_count,s1024_ours_edlm_N300_lam5_win0.0-1.0,1024,23.900,81.500,227.000
ring_count,s1024_ours_edlm_N30_lam0.5_win0.0-1.0,757,26.700,29.100,28.800
ring_count,s1024_ours_edlm_N30_lam0_win0.0-1.0,751,30.000,30.000,30.000
ring_count,s1024_ours_edlm_N30_lam1000_win0.0-1.0,742,14.300,21.850,26.200
ring_count,s1024_ours_edlm_N30_lam100_win0.0-1.0,747,14.300,21.900,26.200
ring_count,s1024_ours_edlm_N30_lam10_win0.0-1.0,750,14.300,21.800,26.200
ring_count,s1024_ours_edlm_N30_lam1_win0.0-1.0,756,22.400,27.200,27.700
ring_count,s1024_ours_edlm_N30_lam2_win0.0-1.0,755,18.100,24.300,26.700
ring_count,s1024_ours_edlm_N30_lam30_win0.0-1.0,746,14.300,21.800,26.200
ring_count,s1024_ours_edlm_N30_lam5_win0.0-1.0,752,12.500,21.900,27.400
ring_count,s1024_ours_edlm_N500_lam0.5_win0.0-1.0,1024,441.000,484.000,489.000
ring_count,s1024_ours_edlm_N500_lam0_win0.0-1.0,1024,500.000,500.000,500.000
ring_count,s1024_ours_edlm_N500_lam1000_win0.0-1.0,1024,1.640,89.900,391.000
ring_count,s1024_ours_edlm_N500_lam100_win0.0-1.0,1024,1.640,89.900,391.000
ring_count,s1024_ours_edlm_N500_lam10_win0.0-1.0,1024,1.660,88.800,398.000
ring_count,s1024_ours_edlm_N500_lam1_win0.0-1.0,1024,346.000,426.500,471.000
ring_count,s1024_ours_edlm_N500_lam2_win0.0-1.0,1024,168.000,254.000,421.000
ring_count,s1024_ours_edlm_N500_lam30_win0.0-1.0,1024,1.640,89.900,391.000
ring_count,s1024_ours_edlm_N500_lam5_win0.0-1.0,1024,6.580,95.100,400.000
ring_count,s1024_ours_marginal_N1000_lam0.5_win0.0-1.0,1024,880.000,967.000,965.000
ring_count,s1024_ours_marginal_N1000_lam0_win0.0-1.0,1024,1.000,1.000,1.000
ring_count,s1024_ours_marginal_N1000_lam1000_win0.0-1.0,1024,1.810,113.500,836.000
ring_count,s1024_ours_marginal_N1000_lam100_win0.0-1.0,1024,1.810,113.500,836.000
ring_count,s1024_ours_marginal_N1000_lam10_win0.0-1.0,1024,1.830,110.000,803.000
ring_count,s1024_ours_marginal_N1000_lam1_win0.0-1.0,1024,681.000,847.000,940.000
ring_count,s1024_ours_marginal_N1000_lam2_win0.0-1.0,1024,255.000,427.000,885.000
ring_count,s1024_ours_marginal_N1000_lam30_win0.0-1.0,1024,1.810,113.500,836.000
ring_count,s1024_ours_marginal_N1000_lam5_win0.0-1.0,1024,5.060,114.000,721.000
ring_count,s1024_ours_marginal_N100_lam0.5_win0.0-1.0,768,88.200,96.700,95.900
ring_count,s1024_ours_marginal_N100_lam0_win0.0-1.0,768,100.000,100.000,100.000
ring_count,s1024_ours_marginal_N100_lam1000_win0.0-1.0,769,28.100,50.200,87.100
ring_count,s1024_ours_marginal_N100_lam100_win0.0-1.0,769,28.100,50.200,87.100
ring_count,s1024_ours_marginal_N100_lam10_win0.0-1.0,769,27.300,50.500,87.100
ring_count,s1024_ours_marginal_N100_lam1_win0.0-1.0,768,68.900,88.250,93.600
ring_count,s1024_ours_marginal_N100_lam2_win0.0-1.0,768,47.500,70.700,90.600
ring_count,s1024_ours_marginal_N100_lam30_win0.0-1.0,768,28.100,50.200,87.100
ring_count,s1024_ours_marginal_N100_lam5_win0.0-1.0,768,31.600,51.400,89.000
ring_count,s1024_ours_marginal_N10_lam0.5_win0.0-1.0,724,9.000,9.780,9.620
ring_count,s1024_ours_marginal_N10_lam0_win0.0-1.0,724,10.000,10.000,10.000
ring_count,s1024_ours_marginal_N10_lam1000_win0.0-1.0,682,5.670,8.450,8.270
ring_count,s1024_ours_marginal_N10_lam100_win0.0-1.0,681,5.670,8.450,8.270
ring_count,s1024_ours_marginal_N10_lam10_win0.0-1.0,691,5.670,8.380,8.270
ring_count,s1024_ours_marginal_N10_lam1_win0.0-1.0,709,7.790,9.360,9.240
ring_count,s1024_ours_marginal_N10_lam2_win0.0-1.0,684,6.500,8.825,8.900
ring_count,s1024_ours_marginal_N10_lam30_win0.0-1.0,694,5.670,8.470,8.270
ring_count,s1024_ours_marginal_N10_lam5_win0.0-1.0,694,5.760,8.470,8.150
ring_count,s1024_ours_marginal_N2000_lam0.5_win0.0-1.0,1024,1.800,1934.590,1921.990
ring_count,s1024_ours_marginal_N2000_lam0_win0.0-1.0,1024,2.000,2.000,2.000
ring_count,s1024_ours_marginal_N2000_lam1000_win0.0-1.0,1024,1.000,135.500,1664.130
ring_count,s1024_ours_marginal_N2000_lam100_win0.0-1.0,1024,1.000,135.500,1664.130
ring_count,s1024_ours_marginal_N2000_lam10_win0.0-1.0,1024,1.100,131.500,1677.370
ring_count,s1024_ours_marginal_N2000_lam1_win0.0-1.0,1024,1.400,1648.465,1757.680
ring_count,s1024_ours_marginal_N2000_lam2_win0.0-1.0,1024,1.200,726.500,1667.920
ring_count,s1024_ours_marginal_N2000_lam30_win0.0-1.0,1024,1.000,135.500,1664.130
ring_count,s1024_ours_marginal_N2000_lam5_win0.0-1.0,1024,1.200,145.000,1.600
ring_count,s1024_ours_marginal_N300_lam0.5_win0.0-1.0,1024,262.000,289.500,285.000
ring_count,s1024_ours_marginal_N300_lam0_win0.0-1.0,1024,300.000,300.000,300.000
ring_count,s1024_ours_marginal_N300_lam1000_win0.0-1.0,1024,15.600,76.900,238.000
ring_count,s1024_ours_marginal_N300_lam100_win0.0-1.0,1024,15.600,76.900,238.000
ring_count,s1024_ours_marginal_N300_lam10_win0.0-1.0,1024,15.600,76.700,235.000
ring_count,s1024_ours_marginal_N300_lam1_win0.0-1.0,1024,210.000,258.000,262.000
ring_count,s1024_ours_marginal_N300_lam2_win0.0-1.0,1024,104.000,172.000,263.000
ring_count,s1024_ours_marginal_N300_lam30_win0.0-1.0,1024,15.600,76.900,238.000
ring_count,s1024_ours_marginal_N300_lam5_win0.0-1.0,1024,18.700,79.250,230.000
ring_count,s1024_ours_marginal_N30_lam0.5_win0.0-1.0,759,26.300,29.200,28.600
ring_count,s1024_ours_marginal_N30_lam0_win0.0-1.0,750,30.000,30.000,30.000
ring_count,s1024_ours_marginal_N30_lam1000_win0.0-1.0,741,13.100,21.600,24.900
ring_count,s1024_ours_marginal_N30_lam100_win0.0-1.0,744,13.100,21.600,24.900
ring_count,s1024_ours_marginal_N30_lam10_win0.0-1.0,748,13.100,21.600,24.900
ring_count,s1024_ours_marginal_N30_lam1_win0.0-1.0,751,22.600,27.300,27.500
ring_count,s1024_ours_marginal_N30_lam2_win0.0-1.0,754,16.900,24.100,26.600
ring_count,s1024_ours_marginal_N30_lam30_win0.0-1.0,741,13.100,21.500,24.900
ring_count,s1024_ours_marginal_N30_lam5_win0.0-1.0,753,13.200,21.600,25.400
ring_count,s1024_ours_marginal_N500_lam0.5_win0.0-1.0,1024,433.000,483.000,484.000
ring_count,s1024_ours_marginal_N500_lam0_win0.0-1.0,1024,500.000,500.000,500.000
ring_count,s1024_ours_marginal_N500_lam1000_win0.0-1.0,1024,1.920,91.050,400.000
ring_count,s1024_ours_marginal_N500_lam100_win0.0-1.0,1024,1.920,91.050,400.000
ring_count,s1024_ours_marginal_N500_lam10_win0.0-1.0,1024,1.940,93.000,417.000
ring_count,s1024_ours_marginal_N500_lam1_win0.0-1.0,1024,334.000,426.000,466.000
ring_count,s1024_ours_marginal_N500_lam2_win0.0-1.0,1024,177.000,258.000,414.000
ring_count,s1024_ours_marginal_N500_lam30_win0.0-1.0,1024,1.920,91.050,400.000
ring_count,s1024_ours_marginal_N500_lam5_win0.0-1.0,1024,9.170,93.250,427.000
